record_id,election_id,riding_id,valid_votes,invalid_votes,total_electors
cecda5a8-9c17-4622-bb0d-e04e2b6f8970,42,10004,12373,53,20045
3e3ef914-7aeb-4b30-9ba3-558e1ebb1c5a,42,35001,56307,206,85251
d5aaa081-1941-4bf1-859c-3640f71d74c4,43,35001,61020,487,92761
1b4b40dc-9db0-43af-ae82-1fc9485850a2,42,60001,20291,94,26879
a0ef80db-d988-46b0-b007-b98df565a63a,43,60001,21017,133,28897
92c0b134-421e-4ec3-8d96-0fcf0f4427a6,44,60001,19406,142,30217
1d6a9b33-8836-4d87-8ad4-b40a4daa321e,44,35001,49758,525,92907
b21800d7-cda5-45eb-ab9b-df60d7ce3f18,42,35002,41374,161,63253
33b8f2ec-def7-4b31-a2e5-828fd24bc5e6,43,35002,40591,384,65420
6eb2c597-e2a0-42c7-8336-bca477caa7f5,44,35002,39523,291,66487
cde54690-405a-4440-86dd-57325c2ab839,42,35003,50980,204,79127
1d4f7f90-f8c4-47a4-a69b-309e1ff06916,43,35003,53109,454,83156
79ae10b1-a607-4300-bde2-474aaac510d5,44,35003,45896,509,84361
e613bbf6-52c7-4bc6-b83c-5f4ca274f030,42,35004,49341,487,77320
a27b4e62-f06d-44ee-aed3-2c2916b5a49a,43,35004,54253,376,86772
354e9386-19fe-40f8-9fb9-d79eeffbd575,44,35004,52935,433,90268
64ac1c30-9708-4cfe-a032-9e1cad635c8c,42,35005,50535,181,76084
3b85a58b-06f9-4c70-af68-54fb8e23f6a4,43,35005,53793,378,80959
d08068b6-5c2f-4084-ab3f-aff5ea12b9ba,44,35005,52239,480,82843
50ec606d-f865-495a-926c-8244240bf3b1,42,35006,57713,211,85021
b4da126c-2a7b-4c07-af84-8602e14de895,43,35006,61547,464,93859
b13f2658-426e-4666-a9cf-bfdc838ea861,44,35006,61700,405,95615
03f2fc00-ae5f-402c-aa92-a60a42db91c9,42,35007,55530,216,77440
cf3d3c4b-6394-425c-ba46-0988b2fff106,43,35007,57078,340,80981
4d0f4b06-f7b2-4f72-b50b-83b247327e1c,44,35007,51116,340,79102
44704b40-a740-41fe-9647-7f291100a5f8,42,35008,39632,264,65460
de98375c-7421-41b6-8179-6cba8779b9cb,43,35008,39758,480,67334
4b9f1e6b-1856-4131-9186-d529f1041119,44,35008,33971,488,63751
1c645960-82a0-4504-8ab6-d45baeead18c,42,35009,45206,304,69251
f343f114-2f6e-461a-8ebe-7faf7acb92e7,43,35009,50753,510,77195
13345a7f-e7d4-4aef-b2b8-3d09c9ab228c,44,35009,41351,436,76588
c2e4e2dd-7b75-4a7a-8230-b57bde7f1d78,42,35010,48166,318,74148
fb89ff9b-ac78-4eb1-a0d9-9e078a929ebc,43,35010,50502,496,77429
70e2fa86-8097-49d2-9716-b6cca11d7825,44,35010,43149,471,75344
569a76bb-d841-4ef7-bb3e-d89a4664de8e,42,35011,45464,270,73019
8a53203f-bc1f-41f4-8f7a-046aa35c01d9,43,35011,48683,583,78487
dee3540c-bc2f-48c0-8eab-34a01109d25c,44,35011,41430,503,76003
c5c784d6-cdf7-4682-8a50-1a24905fbab6,42,35012,43398,245,71990
2e0fffff-c289-4010-b562-07077e5c2777,43,35012,53683,735,86912
31100e2a-b3ae-477f-8f77-3a4e79e7cdc9,44,35012,46609,390,86557
0c3343a5-bd0c-470a-ad38-9358da9a4e5c,42,35013,63272,272,97409
a22620ba-15b3-41a7-9a35-ec85f4a1b6fa,43,35013,66666,497,107939
ae2b187f-69f1-4a71-871a-8fd4c1ea595f,44,35013,66122,393,111048
3104640a-f718-4d4e-8808-5eead883f1e8,42,35014,56333,212,82607
8c666fc8-4c6f-42cc-a653-60e07d072caf,43,35014,58161,303,89114
7fc0ddd5-90f6-452f-8943-ad0f73e86645,44,35014,58414,394,91472
04b7dc9d-6768-4def-b20d-5e221285cae4,42,35015,70100,263,96126
46614e7f-b8e6-4e73-8e9a-8324133b343f,43,35015,71985,600,99972
eb34b6d3-3937-4609-ad32-548501a33fb8,44,35015,69105,424,99734
50063545-e53a-490a-9077-88247863c44e,42,35016,53339,227,83514
d46a89a7-d632-43af-b4e0-d16aaeccbeca,43,35016,57942,385,89914
959f4c99-d8ee-4df9-9ce0-78d8bb9589cc,44,35016,54852,335,90092
7449f70f-9cff-478c-8460-5ac2e140b134,42,35088,59239,196,74185
a17c9f7b-8827-4c97-82d6-57ea7ff8d4e7,43,35088,69359,408,87807
16d34b81-2a70-4259-89ee-91f5e959b751,44,35088,70873,447,95639
e925f8d8-f765-4c9b-a8b2-803cd3b208b7,42,35017,51971,263,79755
a84eec19-94b5-420d-85c0-fcbb205162ba,43,35017,54088,450,86165
308dd3bb-37e1-4622-9eff-e72279fc33f6,44,35017,54854,400,86615
790fcb03-b5c9-47de-bd63-0ede922f9332,42,35018,49584,287,74413
2a4d39af-2fcb-4d09-8ba0-8fe04a576ee8,43,35018,53180,417,79822
8cbaad84-9586-48b8-a2e1-227b4e6e2252,44,35018,47307,429,77306
41b1bf61-baee-4f6b-81ca-990e890e664f,42,35019,41588,257,63547
912a57ff-64b8-4831-8994-0acb8c9bb525,43,35019,42294,438,65793
3cdd142a-bfd5-40e6-b48f-b9c6332577ed,44,35019,37325,470,63934
37337ac2-7db1-408d-b5ed-2d79cf53fb23,42,35020,45687,259,72787
c0febf20-1ea1-4301-8e9e-de2d17590307,43,35020,46571,314,75566
1f427738-59ef-48c8-a2bd-8bcab97e02a7,44,35020,40535,355,73904
18c2ace1-45c4-4f68-9a98-752ced7dd3a3,42,35021,43398,245,71990
6497757b-bfa6-449f-ad9b-90fee6614892,43,35021,52234,422,73652
0e7af557-55c6-4b78-ba8f-9a0d48be084a,44,35021,47014,363,71465
44b0a31e-f2ba-4523-8479-6b949cfab8ca,42,35022,60451,232,92598
45736476-d368-45a0-ba65-dd57933d29cf,43,35022,68616,447,106138
4460145e-018d-44f4-82fd-ef52f86c9c4f,44,35022,65573,398,108445
4d153fef-5ded-47ab-aedd-b6a5bc8e76b8,42,35023,64185,233,94069
99a23650-7a46-4b6b-858a-2e467924df7f,43,35023,73014,480,107367
46d42a51-1139-40e6-8925-ddcf859232d2,44,35023,67730,455,111117
2b0644f4-518d-479f-9dc1-54e9a9f3924d,42,35024,55792,328,78535
edba2171-d923-4bf5-a85c-9b05bf7ae601,43,35024,56004,394,82811
9beacde0-564d-452a-94f1-f4672cb0cb03,44,35024,49611,479,81060
e7425419-d39c-4846-8698-a5b48cad8dce,42,35025,56933,230,83446
d427da51-416a-4ca3-974a-f089dc3c9d7e,43,35025,61754,475,93347
452b31c6-9cb5-41d5-952a-073aa1dda3ff,44,35025,63058,338,97098
4849f943-e144-4c0c-8585-693ecb2e473c,42,35026,60531,241,92489
239ee043-5deb-46ae-bfe9-0837c385404e,43,35026,68288,450,102153
a3366778-5cfa-43e4-8938-4f22dda5b09d,44,35026,69976,406,105281
e91cd5fb-3789-4419-9dc1-1c0da8c724f0,42,35027,61802,303,88440
01687536-7842-4f11-bc2b-e5a02e4c8fb2,43,35027,63219,624,91889
a7dbc2fc-3333-4628-8753-1793bb712783,44,35027,57550,567,90683
f8f905cc-8be7-4164-978c-682c9c5c5bca,42,35029,42064,257,69942
4f16eb24-3062-4d10-82c9-f1d4f89c4aeb,43,35029,42946,565,73970
03e93177-3147-42f2-b3f6-b4c36c0313d3,44,35029,35564,494,71876
b6715865-6c68-4c4d-b1bc-68d0c048f0ef,42,35028,64508,307,93880
f06e08c2-adf0-4461-8e88-c854d95ef49b,43,35028,69515,525,102987
10628fc6-912d-4eb6-a348-a3e6e0bc088f,44,35028,64065,397,102151
4fa9c5b5-567f-4377-8f8e-ac2182dfa971,42,35031,64173,399,86010
334fcc16-835f-4e46-83c0-18a8a9e6ad39,43,35031,65791,645,92007
32510b07-802b-4207-8ef6-99cf743ec427,44,35031,65907,901,95356
e7f18509-be5c-4ce4-865b-034109bc91a4,42,35030,55510,220,79397
2ff6b65d-7dcc-421c-9021-83442b92d92d,44,35030,60069,439,92257
37e18ed7-7a15-471e-a4c3-bd2030ed809d,43,35030,62539,381,89282
eb702c76-f364-411a-be83-5e39fb9ef5f7,44,35031,65907,901,95356
234f6516-c8ca-4e9c-a9a7-6e0e5050b602,43,35031,65791,645,92007
1c1817e8-8fdf-43f9-9188-7e2853ef1c79,42,35031,64173,399,86010
00397143-436d-47c7-beb2-1bb7914f7d02,42,35032,69868,298,98453
f598ff20-47dc-4050-9791-a929922fc856,43,35032,75568,452,105106
55f3ff70-d80e-4e35-8004-79f8bf65c434,44,35032,69771,434,105863
c25304d2-a8cf-43bf-aa2a-5c50f351b445,42,35033,55990,312,83220
e9d758a1-497a-48ce-b889-9c6c12bdf2e0,43,35033,59926,436,91086
5be65ad5-9876-42ba-b1f0-bb29f21d6bd6,44,35033,62592,425,93802
a3ead729-e490-43d6-8a9c-593d2ef1a310,42,35034,61834,203,91802
f1091ccd-82d8-47d1-93ae-99ab288fc6b3,43,35034,65760,413,98985
156a7a0a-4c71-4cf3-88b4-79c6efb1300c,44,35034,67721,493,102554
97d900d5-8518-4979-a98f-106299c333a5,42,35035,41083,269,69598
9f2b3767-e00c-41c9-a6a8-62fc944dd0b4,43,35035,44122,405,73885
01362d92-5316-457f-b6c3-8f87f2491a3f,44,35035,41280,351,73832
472b168e-6ee5-4dde-b7d2-1e24f9cd6312,42,35036,50332,293,80639
cf9108a5-d0e0-471a-929e-ea71d75d5cfc,43,35036,52146,533,84643
5f951d32-525a-4177-b7b6-482ad6d6c5b7,44,35036,49793,520,84794
b2a9e3c1-1c5e-480d-987b-07bf60ff644b,42,35037,50554,307,77581
0f2b1d24-10aa-4de3-9e88-c7b73a4a22ff,43,35037,52949,489,80992
cce342f8-9d47-48b7-b37b-34e3301decec,44,35037,48460,419,80647
998ea354-59b5-458c-9995-0a97a2f1ee17,42,35038,62279,272,86222
de448af2-2581-4c31-b746-86ad348c4981,43,35038,64901,415,87587
0f8ca22a-e715-4dd9-8775-98b89785e4cf,44,35038,62821,387,88781
517080e7-8e3b-4242-9c1e-510eb7397212,42,35039,49797,199,72972
fd748690-c41f-467a-bfc9-a07aee93bebf,43,35039,53094,352,80079
7cbbc155-a177-42b2-bfee-5b8c24619e3a,44,35039,54667,296,83168
d4ec089d-b48c-4e2d-a082-eb4ab5ef5c80,42,35121,35859,333,62928
cc0f1ab1-550f-4821-8b53-ed75271d531d,43,35121,37958,503,67656
e76be515-33ca-4f3a-af3b-04b2b992e15b,44,35121,32187,562,66067
d84a5073-16ca-4edb-8c6a-9287b7347090,42,35040,58245,232,80731
f8a4a4ea-cf24-4dcd-b3bb-7fe6f47cb40f,43,35040,60867,398,86147
61949ccf-3972-423e-aced-37b58b5fb12e,44,35040,61197,357,87978
441155fd-df30-4c43-bac7-8428828cf39f,42,35041,53323,191,80433
2a6b5395-9ab7-47a9-a911-aa68c7a86fff,43,35041,66772,438,86836
ca0e1489-10de-4581-b7a0-9d9606fb0a0c,44,35041,63156,372,86404
59f3fc0b-17eb-4705-b536-c3beec0eb729,42,35042,30752,144,44306
5142d679-4a3f-4858-8b8c-6dd55b6f1908,43,35042,27787,273,45692
3def9221-4a3a-45dd-bd9a-fddd75a5506d,44,35042,26083,118,45500
e6e1f6b3-78de-4494-8d37-a8f72c3739f0,42,35044,65772,242,93872
8b10fa32-41ff-4e20-93f6-b896c52f22da,43,35044,68193,484,97364
b091e8e1-bfb6-4371-a3fc-eae665ce61f7,44,35044,67505,445,98144
1444304c-8f80-4067-8fcd-ae87595f8fa1,42,35043,54686,290,86158
98219c88-c9ca-43aa-a7ca-baaeda402cc8,43,35043,63848,598,99246
00e4362d-d50d-4391-9bfe-0019bf7f5c32,44,35043,49995,385,102820
976b6ac2-947e-4d28-aac8-8a8f398f175b,42,35045,52280,292,77887
ca3fc533-e44b-441d-b5b7-11671c6fc797,43,35045,55374,465,83177
100e9c24-580d-465a-a395-86e7a8f2067e,44,35045,51179,525,82159
149f4a01-c9e6-4c8c-b514-2e6d8f53dd91,42,35047,47829,259,72953
39680355-6f91-45ab-adfb-0ffc06ddf168,43,35047,52233,395,79757
c13095a9-5933-438e-8a80-7ff9bf9c9cca,44,35047,49654,474,80885
b04e320b-dd65-4424-b85f-d20a0e243b91,42,35046,47699,227,69166
d54c0568-c292-4aae-b526-278a54ef3210,43,35046,51553,361,74562
fd473585-a9ff-48d2-924a-52fe0305bb29,44,35046,50953,290,75079
116fb1f9-a0f1-417e-8450-988ad4178e5e,42,35048,56363,224,81135
cba9af5f-6264-4262-a98a-819964f09007,43,35048,58412,434,88402
a655e311-dace-458e-a18d-b5864b760548,44,35048,60692,439,91287
70c3c724-6f4a-49be-a61a-d6e3471f8aa3,42,35049,57240,222,79461
167d83cc-86bf-45ad-838f-535daca5a047,43,35049,62481,434,86806
1375ee16-29ca-4495-8265-6c7458f70f65,44,35049,62911,435,90348
f54fce6d-ea36-4061-9b93-d77c536a814d,42,35050,56436,189,79669
e1acb7b0-1a12-4759-b699-fbed07d24967,43,35050,58453,479,84442
ce8fa05a-d4cc-4c07-ad0a-bfbf8f85c83d,44,35050,59276,380,87118
c9f9a422-96ed-49a5-825e-06b2fbcdc4d9,42,35052,64271,267,92950
801c008f-9a80-42d7-8b10-85fd13c7e850,43,35052,63741,493,95472
898f38f6-108b-43ca-8f3b-db45588a9f14,44,35052,58620,460,94977
5d1431a3-7428-4bb6-be36-755dbab46bab,42,35053,68027,286,93138
5ac4ab93-7aa2-435d-ae3b-0a198dbdd038,43,35053,71273,496,99677
fba934c0-7497-4277-99c8-327f9c05e795,44,35053,68621,517,100947
2baaaf03-11be-407e-96b9-1867a572b16b,42,35051,54745,283,87298
09f8da2c-9eb1-4f32-9adf-9448e996f6ab,43,35051,55575,518,92880
3f713803-8f51-4fee-98bc-2b90b64880a5,44,35051,51422,511,91727
ee69886f-cdfa-4c5c-84bc-a404e8b52bfe,42,35054,59773,189,87952
cafabe5a-c0ad-4e7a-95f2-3c38c5bf87be,43,35054,64388,623,95073
5ef804f6-e1a0-4038-b418-c4820e83a783,44,35054,58392,459,96829
2fafa92f-4fb3-4bff-ab68-aab138ae4262,42,35055,42857,240,70864
03600ca2-af7c-483f-a122-e36ccdf8dc5e,43,35055,44331,448,71954
2fa32f2f-ab2e-4786-9b0a-a036dae8ae61,44,35055,38528,398,69883
27f7ef1e-45b9-4a37-9e92-7dfb842f8c09,42,35056,49839,246,82965
2f518072-df93-4d2a-8284-b94c6b29db68,43,35056,53396,523,88528
3d6cbb75-04b5-48f6-ac60-9214c0540d34,44,35056,45224,452,87781
cfe6437f-29b6-4b84-86c0-127dda6260e3,42,35057,49308,210,72329
35870608-d18b-4cd7-a638-ef246d41113d,43,35057,59679,379,84806
44addc85-89c1-49f6-8ef0-0c07ebc89cd8,44,35057,55386,325,88998
517c9bd0-ed4c-4d84-80a8-83297fd8b5b4,42,35058,51852,342,83787
08d79899-7bc1-4b5b-820e-9a4c5a2a243f,43,35058,53756,475,87047
b396f2d1-190c-4985-9f09-978c8f76a6f8,44,35058,47431,462,85044
0eff9eca-4d8e-4fde-964c-2d26c2faf950,42,35059,51917,287,82765
123f88f2-e0ab-4e50-84cc-b34ae11079a8,43,35059,52623,483,85584
cb011a37-073e-44ad-88a0-a07977df3709,44,35059,45575,383,82603
33d04a87-4a87-45e0-ad37-2b6c842b7ee2,42,35060,55347,245,83062
8fae5255-734b-4f65-b183-2a7a60f04ced,43,35060,58262,637,88380
99f7288a-2eea-4623-b6d7-6c5013ed6aa2,44,35060,50672,379,87176
e400a854-c301-4d1f-b836-8cd361ccb243,42,35061,59273,271,86675
901a339c-6eb6-47a8-9920-7140b94bd624,43,35061,60999,407,89976
95e60c49-7136-46c7-b944-10bd352b2e7e,44,35061,56259,524,88977
e8d2b062-57c7-4438-9f0f-f7e03013d18a,42,35062,44256,237,75277
27f4dc88-8126-4d23-8476-9014ba5f3413,43,35062,48537,500,79034
273ecbaf-f646-4070-8f14-1720f02515b4,44,35062,41248,435,77095
f96ee776-4457-41c6-b807-3f2d0bdd6cdf,42,35063,55999,217,83361
8dbdd806-9e9a-443f-a70b-9f12b1f73c61,43,35063,58765,437,87557
ac19e2e7-a51d-451a-a1f1-552756feb588,44,35063,50124,333,85976
3afa7c78-5124-43da-82e7-820164770ed7,42,35064,64888,262,84049
1a90a84e-b6fa-479f-b693-3dcab71aa17a,43,35064,69583,407,93119
a3b3aa1a-16a8-481d-9a01-e05566015ad6,44,35064,65748,419,93391
521f33bd-05d4-4a2a-b4e5-bd9f5660b134,42,35065,56464,257,83351
41412d9b-4a07-4012-8f0f-ddfe937d1419,43,35065,61460,424,91920
b606e351-3d90-4635-a057-8d820c9fe256,44,35065,55290,372,91879
52b49628-ae65-4997-97b6-3c9929353bc5,42,35066,54682,323,83799
514c895e-ce42-41f4-811f-9539887da226,43,35066,57963,539,90131
4bad2d6f-e2e6-4e71-9db7-0ecc01961906,44,35066,58779,437,93264
5c360e0c-3d4d-481e-89bb-93a72c1d1d07,42,35067,64711,353,103291
4d277422-2a04-4323-8016-dc49762c2138,43,35067,69734,636,112870
01450a35-80c8-44ff-8f33-6c2823cc2aa8,44,35067,70649,646,114698
033832e5-2702-42c9-b0d5-cb12c2db0318,42,35068,50657,542,69414
2e35c48d-2ae1-430f-a4fc-32d1efb54095,43,35068,53924,252,74760
07544322-0007-471e-9c2a-88d2b75ad402,44,35068,55277,217,77484
a71ad83c-2f9c-4183-a028-4a2ea0fa1ac0,43,35069,48848,298,75971
fe2e588b-e775-46b4-bd3d-9d01e34e012c,42,35069,49113,192,73466
826e6038-be34-4402-8fef-69ae78507862,44,35069,49321,364,77823
611b9f48-86f4-4102-990e-639d58b27ae3,42,35070,48875,224,71879
e31f3256-81a7-4563-9c45-52a81f6f4b99,43,35070,47757,407,74527
e0d9c322-1118-41f9-a477-6e185149567a,44,35070,47496,337,78689
bd9a31ef-1c78-4bde-b2b3-a592fb63547d,42,35071,63609,267,89605
31c5768f-d030-4c23-98e3-9104cfe2d80a,43,35071,68961,484,96841
16bf3373-a93f-4f62-b364-5d65f345fd38,44,35071,69737,459,100308
a4bf5ef7-bf64-4f3f-aacb-1ce826c1e122,42,35072,64703,245,88425
546142a1-adc3-4b35-9399-fec967e3c78e,43,35072,65401,487,90144
fa74466e-a2af-4250-a09f-70d642df9b1f,44,35072,61000,330,89757
0051df1a-6292-491f-ae9d-4367155a7f04,42,35073,60796,272,85747
948f43aa-7f58-4366-8633-7f8b80be92b1,43,35073,69623,412,97439
aa66258e-cb2b-4d19-8ffe-af7fbcfbd978,44,35073,66023,533,99493
cbf935d6-c60d-4aa2-bf88-dc41bf4e0e57,42,35076,77988,272,97144
4a12d17b-346e-47d9-9856-e72a38d4ea9b,43,35076,81410,585,106021
77fea19a-d3e0-4bc3-8207-9ebd74b2e747,44,35076,75283,658,106640
97af406c-907d-45d7-95f6-7d1bbf8987ea,42,35074,60686,228,96372
6c68f91e-e85e-4362-aaf5-96017d134b62,43,35074,61983,414,101419
f4ebf9f3-973a-4837-b045-a28562538f07,44,35074,56425,417,100703
f3790c9f-bc92-4740-b10d-ebf090e7c87b,42,35075,75500,386,94858
6eaadf2d-065b-487b-8a4d-5a15a71e6e1b,43,35075,78902,482,99049
8400726e-bec3-451b-a8ad-0a1d63655300,44,35075,74341,497,96979
9317f1fc-74bd-4bdb-8a63-f0386ee89156,42,35077,64649,351,88368
fdc25e70-342b-4099-b316-4194ef56e06b,43,35077,65367,574,91543
c279bac0-b8fd-4399-aa40-077f17ba11d3,44,35077,59492,575,90041
386dbdfb-2a53-4e45-9ef5-bea9febfb0fc,42,35079,62913,307,84557
dfb217f2-b544-477d-909e-c1e3e47826cc,43,35079,62206,602,86485
6ccb0bea-fe4e-4c2e-bbfb-a1041273d0ae,44,35079,57402,447,84392
f71d28e9-7a4b-4aeb-acba-4ae35df4fbda,42,35078,63355,418,86591
64ed0319-7e30-4db2-b2d7-f2e9d5b6cac0,43,35078,63881,699,91015
7df91bfc-7a61-43e7-a9ef-a013a42430cb,44,35078,58031,576,89069
e11fb948-4293-4375-9431-7137709dbf18,42,35080,56850,241,84045
22010688-7750-4bdd-a595-75c5a5f23ebe,43,35080,60891,528,92758
030fb224-7001-4e1b-a127-f79668963390,44,35080,61948,379,95662
6cbce224-2884-44f0-b94b-e30a68c09c49,42,35081,58567,269,80262
3a8276c6-601d-4b75-8c33-5665e9de512b,43,35081,60887,382,82797
fea65f09-b6c6-4ec7-b451-4c91ea793a99,44,35081,52543,297,80265
5a93d202-19e7-4d41-85e6-84a0246c1133,42,35082,51279,134,76070
4e848448-3e54-4dcb-86ee-ffbac3898d12,43,35082,54663,392,82930
1057d429-9400-4550-912a-43216b157c33,44,35082,55500,299,85831
6db63303-60bf-4182-8ad5-5e2e1381f1d1,42,35083,51851,186,76496
bf906a1c-7ea1-4abe-8412-59cce85e1a0b,43,35083,55294,381,83023
bd7c9595-497c-4f03-b895-80cee1a8db5a,44,35083,55577,380,85049
1acc4e9c-91d2-4069-9f83-348cb61a960d,42,35084,66542,190,93190
847222bc-4362-454d-838d-464a2869672d,43,35084,69801,448,99635
ece255c1-f23a-41b9-a7f4-8c77032ba5fd,44,35084,70212,395,100735
26bce514-abbe-4ba6-a2d7-afd881415e3a,42,35085,59159,222,86036
b1c137e5-23a5-4e5f-86a9-7ad0dd8ea017,43,35085,63495,407,92699
c225b581-f6a8-4b5c-8634-3380cd0a96d0,44,35085,58167,302,94059
1e6ba800-e60f-4a56-b281-b79173f13a80,42,35086,57159,264,78959
50a60454-2df8-4c87-9050-87f821c68d6b,43,35086,58957,471,86010
7786b0cf-7343-4615-88b8-ca32963b5bbb,44,35086,58518,459,88301
cc4e9a76-7cc7-4931-ba19-281e6b34b00c,42,35087,49113,253,80834
af25039b-423f-4197-8e10-31c0df4ba88f,43,35087,50149,584,84660
715ea1b0-8bf0-4378-a85a-4db618e21bf6,44,35087,45662,543,83148
45b1ed46-2544-4709-9452-63991f0e8334,42,35091,58125,267,81362
96f24724-f275-4e24-a1b7-f807c523ada2,43,35091,57916,400,84875
c44a1833-4310-4e13-9f48-3dd99438454b,44,35091,56899,346,85155
29836a71-996c-4e7d-bccd-0e69d77a1ad9,42,35092,43757,200,64365
b00e44ad-203e-446d-8710-55e459f2c209,43,35092,41700,337,66235
266aa059-4704-4f76-b75f-f68a1d0763c5,44,35092,40179,281,66121
0e202fba-d9ad-4c2b-9a9f-22eaa1c51463,42,35094,45029,407,71847
522b2c2d-1268-4c46-b96d-5eebe93da20d,43,35094,46556,638,75662
5a82d026-1407-4dd8-a44f-f3e215c98863,44,35094,40161,425,74078
dd14c4d1-aa86-461b-8235-a547cfc39f71,42,35096,39188,216,65651
e5c85f11-b260-4394-8d54-0a8912cd2477,43,35096,39037,385,66018
8beb0e7f-3214-484a-a246-9f13f170cd89,44,35096,31815,337,63589
475180f2-5d0f-4568-b6bb-d559ce4e68cb,42,35098,48766,277,73580
5b86ca04-634e-48e7-b6d4-d7074bd151e0,43,35098,50635,449,78246
c82c70ec-4db2-4bab-8eb4-2c59c1ec058b,44,35098,43172,325,76559
ad460344-217b-4b18-9616-5015ec03a206,42,35093,41556,248,70355
324b9763-170f-4331-a70f-edb1c3d897b0,43,35093,41814,476,71325
ffebcc00-e54e-481a-9c69-0a0d6604ef98,44,35093,36630,422,69705
dfb64842-7f79-4794-beb5-3a555f80f4ea,42,35095,41917,198,65217
db215989-d3b7-4619-93d6-7cbd0f1e1847,43,35095,42742,580,67754
71be1c2a-1e63-45c5-b969-b0c7b098abd3,44,35095,37550,548,65711
476f7379-c7cd-4513-a9b9-71ccdc868e71,42,35097,49655,235,73347
c2edcb3a-8b57-414e-8cd1-5a3d90a8061e,43,35097,50426,322,76408
b4e7c602-813a-4da6-9bb9-3d067edc37da,44,35097,45720,350,75105
ae13d9aa-5d01-4392-8471-d0920a3ac0d7,42,35100,57071,189,86859
9e54c30e-6ca8-4d28-a08b-5cf0cfcbb660,43,35100,62778,358,97148
844ab84e-1e32-4f1e-ac10-89e0c9b310a8,44,35100,63608,294,101144
fce173c0-36ce-484f-95d4-bfee9eae67e6,42,35099,65747,225,97975
3ddd81f7-47c9-4a7d-b325-17bea5d8a0e1,43,35099,75509,492,115193
e5e6983e-fd18-4203-a065-60ad3cbc5702,44,35099,76610,436,121142
051604e2-fd12-4dc1-8bd8-49abe09d73cd,42,35101,55148,268,79917
1e7fe35f-42b0-404f-a026-6d6c81100200,43,35101,60650,339,90022
80125c6b-7eba-44e9-b94a-4e343e925802,44,35101,48821,350,89998
b3fd1077-212a-42d1-9222-fc3aae66cb7c,42,35089,57591,243,85377
e08c8f20-97f0-4d24-a081-26c1ed4707bb,43,35089,60113,506,90489
48920b5f-5cc1-4dcc-9e5c-47c0bb197355,44,35089,58332,377,90475
2970ad54-6db9-46f4-9027-ea1b10749a8a,42,35102,53066,234,79274
4de0d5b8-f3a2-4903-8efc-5763862529bb,43,35102,53711,533,84723
b1f881e1-dc57-4eb8-a960-ef7649de1d57,44,35102,52653,547,85668
38b7a420-44c3-4bf7-b439-56d51f6cc662,42,35103,49629,209,73050
10eb6fbd-d254-42bb-b30c-71b34d3ceff0,43,35103,47977,317,74030
30bfbdcd-5a5e-4c9a-910b-770b1728c389,44,35103,45973,313,74386
07f47d54-b2f5-4f70-9d4c-1eb0493cc78b,42,35104,54491,324,81672
661159e9-3562-4834-92d3-c558f9703c7b,43,35104,53496,583,84808
af0a93c3-5776-4ad7-8fa2-40e8c0c870fa,44,35104,50062,390,85739
e2cbd6f0-9a3c-47fd-9ec0-81994746631a,42,35105,42083,176,63708
0a82172f-e4c9-43c6-9786-1233b823c52b,43,35105,41051,333,65689
1ff77820-0b21-4d87-af2b-ec251297e37b,44,35105,39860,308,65109
da5b1c54-a4fa-4d6c-a94c-26e6ea866d0a,42,35106,44608,178,65195
42d37bba-478d-4c8a-a07c-5964a820193f,43,35106,43177,416,65928
ea6b79e2-0f1f-47a7-ab79-d16a7697ba7a,44,35106,41483,311,65703
31a47bec-dc86-4475-95a0-1697ba2c5368,42,35107,37271,266,61411
1ea6807e-d952-4527-9cd9-3e3066209745,43,35107,36740,369,63282
1d33438e-7ccf-4efc-b2e8-bdea8b5944ba,44,35107,34570,355,63041
1bedc3e0-eb6c-4fe4-a68e-9b38a4711afa,42,35108,50602,266,73351
46842926-3164-4496-a722-2245b7b387f1,43,35108,54512,384,80087
d3eb972f-5844-4714-b184-2baf5dad5038,44,35108,45817,366,80430
6a35dfd2-899a-4049-8453-05f139cc0b15,42,35109,55581,269,78540
2b185b51-66f8-419b-ae0d-c2d92d67fcc5,43,35109,58059,413,81283
8a9ae224-b0b8-4341-b65e-9015914752ec,44,35109,52142,335,79749
5e30812e-2116-4d8e-8ed9-7448051d446b,42,35090,56972,252,78885
c297f79f-4d5d-499c-be35-3d8155c9aa42,43,35090,59834,384,84110
c0cee3e5-06d1-49ba-ae03-ef965aafe49d,44,35090,53698,580,82707
d848b37e-f9a3-42c0-a84e-c65d27f24ba8,42,35110,55925,300,77205
88565a85-3850-47b9-9c36-b3644db035f2,43,35110,57391,281,80567
94a8e4a2-a17a-4e48-9b02-69a8eb9fe135,44,35110,47235,420,77708
503ff8c6-b77f-4688-8e02-7b05f215ca97,42,35111,47298,438,74742
e37eeaf0-f9b0-4600-8bcc-ac25a49bd19a,43,35111,50328,480,79749
60447fd4-e85c-4271-9714-5cb3d0150549,44,35111,47162,460,80832
a9d84c73-e62d-4300-b293-163b6c971d52,42,35112,59849,198,81988
e63b76f3-f85b-46d1-84de-28e9713ac316,43,35112,63706,417,85761
223e688a-b970-4a5d-b887-3ffe4c266693,44,35112,59654,353,86456
0c130acb-a1d8-481b-b9ec-6a19ecb1eeb6,42,35113,63812,185,90117
f5d03c45-0dab-44f0-aa95-3c2eab773432,43,35113,69680,359,98901
7b32cfde-1fe5-4579-bc33-80604de2bf80,44,35113,67656,448,101212
8d82d847-ca57-4f2d-b1d8-de33be105b3f,42,35114,64516,235,92465
c79ba299-c51b-457b-8832-af251adeae15,43,35114,69101,415,98190
9fe0eeca-5376-408c-8fd3-81c691fddb46,44,35114,62066,332,101465
92a2be00-74d4-49ca-b195-b5da20f34b05,42,35115,45953,251,76301
dd5d3db8-0ce8-4dae-a15d-60f79834409b,43,35115,45470,410,78809
36655f49-5802-4fef-b9a7-3b5a7aaef627,44,35115,41104,383,75773
0ddb5de5-9a92-4c4c-be1f-b8b672df3822,42,35117,46905,284,86166
116521d3-4943-4c3e-bc68-b916eba934e1,43,35117,51962,560,93826
cdd8fc7c-cdb0-4df0-b82c-998a31010295,44,35117,48693,504,92207
4b32fc57-3d78-4940-b351-f55ccd003e28,42,35116,53344,209,87644
781fd5ab-d39c-4cdb-8f20-506be5d9066c,43,35116,56957,539,95004
b1d1e1c3-ffbe-4815-a656-2f0addbcc0cb,44,35116,56977,500,94424
3a66d5a0-798d-4e2a-aba0-d3b6cbec5d14,42,35118,42944,319,65832
a286e314-1fd1-4563-9b40-74a135c9a682,43,35118,43186,665,70133
720ccbb9-c0d1-4e9f-ad5a-286bdabd0f53,44,35118,36858,507,69971
e151800f-35ae-45b9-a7fb-d3e205403780,42,35120,43706,362,72097
ddc18625-ec58-4ae4-b840-ec7d68532e6f,43,35120,44463,575,77931
6d4ffb75-6e0d-4998-a119-6d8491bb89ce,44,35120,38570,404,76304
6d801d9a-faf7-4cdd-9fce-234801636a1b,42,35119,47879,232,76055
1a31d101-15ce-45a1-b14c-a21d39afcd42,43,35119,53781,497,89360
89e43920-ae40-4c98-af87-c476e3dcc4d2,44,35119,49831,466,93596
6a6a6243-2087-48fe-bbce-78a7a36804c9,44,24001,28436,856,65211
9da2d0ad-8b32-4bf8-91e1-7fdaa2ef4945,42,24001,34518,609,63632
e49dec8b-0d91-41d8-8e35-ad78f254e3ac,43,24001,31656,828,64651
95bfb206-cffc-4f4d-a386-68e209e42a46,44,24002,45685,909,82518
2c86aefa-e94f-46ef-b1c2-3ea0d8043241,42,24002,49729,741,82968
821506ef-f2a9-45ca-8eb5-21d399a4cd23,43,24002,50155,1057,82341
6ec5ee7c-6e02-45ca-9d59-ed06d10d38a3,42,24003,55567,630,83208
3a1e9cfd-dcf6-45cd-930b-03436333cc55,43,24003,55111,1022,83176
d2c43a4d-cede-4a46-95df-a6fbef8201db,44,24003,50409,1054,80206
221ab7b6-221d-4690-a1e6-1c6e1282f241,42,24004,55169,679,78524
f94626b2-54db-4dd7-8002-50aaebf86613,43,24004,54309,973,79083
e0c137c7-29ba-422b-ab35-ffad59ee0530,44,24004,51256,1176,78697
08850107-ae0a-40bb-acc8-849bfb2d99ca,42,24005,51066,601,78836
29dc789f-e2e7-48ca-8d51-6f381283b736,43,24005,49997,828,80202
8e62881f-304d-447e-a900-957d4a0899a0,44,24005,50613,933,84238
d95e33d5-6b4d-4ebf-b777-00a41f13a254,42,24006,36356,416,60890
1e9f792c-aa36-475a-a9ea-18233109a6ec,43,24006,35968,591,59533
68af01ac-6d66-4650-9ce4-ba5ec4a643b4,44,24006,33075,680,59626
29ba24bb-130b-4304-a50e-31531b9eba14,42,24007,55882,715,85698
febff832-ad27-4615-9e8b-de9e75fb1969,43,24007,59429,1147,86333
a1684d3a-4d40-45da-981f-e0cc2f47d02a,44,24007,56980,895,86716
79eb3c46-9400-49b1-b484-cfc9f8523164,42,24020,50456,846,76528
fc7d7b0d-c2ff-4c2d-ab28-11beb8632b35,43,24020,50635,976,76515
c4e100bf-8bf6-45a2-82b6-55c9551f23b4,44,24020,50136,902,77752
b9aa75af-f2a6-4ce3-b62b-de395c78c6d7,42,24008,50558,941,78799
ccd70b74-aca3-4bd5-afdb-f0f07008f073,43,24008,50191,1272,77893
84b71db4-2983-4968-bb1b-0e5eead4bd16,44,24008,48644,1134,76607
6f02cd29-0cbe-4e00-a959-5a245df7a6ff,42,24009,52205,958,78734
ab5e8a4e-dd1a-4ee0-bd8c-3eca9abb2135,43,24009,52337,1042,79165
78a18ec2-f398-474f-b684-2a9876de0297,44,24009,50007,1080,80444
faa8ecd8-c596-4c60-a7d5-dcfb37c79e37,42,24010,62598,824,92719
bf5ed62c-2e90-408e-a3ce-c06779234b86,43,24010,64447,1113,94257
264117ac-1d18-4ab9-841f-e605cb327bfd,44,24010,63182,1138,96317
ac2f29d0-bf30-4cc2-a053-a180129d3ec0,42,24011,66438,950,91204
750af0f6-50c4-4a8f-bdea-998486f0b4fc,43,24011,69490,1064,95723
c9b0a0f6-3249-4629-8e4f-e6255b900807,44,24011,65324,1109,96633
ef795525-1902-4bee-8746-21f96340de62,42,24012,54406,844,82996
16a8e67e-3426-42a0-bda1-e77c1cb8c052,43,24012,56354,977,84301
af1174d2-bc93-47fe-9513-fd923366f09b,44,24012,54945,998,55943
50446ab6-3e5f-45c7-84c9-dc5d92b7fef2,42,24015,41129,859,71070
591f4087-aadb-48d6-a6b8-44df29c998c4,43,24015,40351,1009,69996
ef54a53a-de94-4bf9-a0a3-e664deebd6d8,44,24015,36932,1086,67209
e765a054-5039-4a1b-a8f0-90b6ce77fc9a,42,24016,58675,716,85118
b8a0249b-4505-4a9d-8935-f5e17a03028b,43,24016,61441,962,89071
f9ccf13f-c2b7-4b0d-b449-5b33cc2d205f,44,24016,61471,1115,94460
50775ed9-31db-4261-b5f2-5f75310fb266,42,24017,57260,549,83766
1f4c7039-833a-4ae8-958e-fcfb7e1ec9d1,43,24017,56652,657,83447
4601a9d9-574f-4c5b-ba69-de838cd23cc8,44,24017,52356,744,83246
8285a42a-c665-47c5-ba57-02279d67e98b,42,24019,58256,866,84830
e633ac3e-589b-49e3-8a1d-ffdffd5434c0,43,24019,59096,1264,85804
8c351476-9d32-4c35-a1ef-79745af85d95,44,24019,57349,1136,85183
a08733c0-ea23-4dc9-b8ef-307014ba1477,42,24021,51782,909,76129
90a19b0c-e1f3-444d-8ca3-90e9714a4647,43,24021,52402,1071,78194
5cf83ee1-14e3-48ce-ab17-ee4e4c1e1dc3,44,24021,48683,1061,79853
a0746190-cded-48ee-82c3-de41ca44e153,42,24022,43805,745,66821
31e9682c-f789-4d4c-8c9e-2dc821dae5fd,43,24022,43881,925,65618
dd01c27a-7194-44da-a80d-51c0d2a2ccf7,44,24022,42006,797,65498
ec27567b-d833-443a-9e94-ff1d5ba797a4,42,24023,55811,748,82237
b24d9cbb-6d8a-4c29-b05a-e9ed57f82de8,43,24023,58237,988,84383
5ca793c2-49a5-4cae-9bdb-1e7baf31279b,44,24023,57796,1009,86926
9be0dbf4-6222-474d-8f0a-3cf119552c5a,42,24024,54605,593,85769
1f0c1aac-b47f-4c94-b398-090360a3ab79,43,24024,52574,788,85344
f76251c7-da62-43b9-b5a5-e8bdd065eb3d,44,24024,48141,786,82663
1fe9c174-2a1d-49fd-bf66-f74506bd0b81,42,24025,51979,1098,81455
6b290727-d8e0-4e0c-9d48-bbebbec0cbcc,43,24025,54824,1126,83916
3930efaf-036a-4529-bf0f-846583d74d79,44,24025,51189,1289,85560
607dc423-0ec0-439e-86fd-9da0c2767c4b,42,24026,39617,395,65783
5e657bf5-71e9-4f71-a00e-c7d5fd80d092,43,24026,38380,783,64748
0c24a047-a48b-4cfd-9de2-4911485449ed,44,24026,36858,778,65501
8647f9c0-dcf9-4724-8e5c-a2b21fa7691a,42,24027,57800,522,84377
235d560d-d1e8-412e-b7e0-fc4c60ef854b,43,24027,55783,787,84463
de2f7bbf-a0d1-445e-857b-e96240d251de,44,24027,52497,818,83618
3e0be349-4881-4c36-964d-5905dbbb1ced,42,24028,51904,877,83088
6b978606-8ffd-45f1-8d38-7ec65efe70bc,43,24028,53037,907,92504
fabe5488-a500-4528-8e1f-3e1d112e4a69,44,24028,47706,867,78814
c24fa912-899b-4461-b3a2-33233cb826c0,42,24029,51658,682,79033
e82bb891-8e53-4deb-8bc4-30769f1e11a7,43,24029,50363,1012,78549
7f6084ea-2289-49a4-8883-4113bab15d62,44,24029,48409,971,77078
69ecbcb2-fcd4-4529-8f32-f73ad8d1867d,42,24030,55440,391,79329
cee0a754-1ebe-4162-8433-75ee0a053223,43,24030,54993,692,79072
163faa65-21d0-4fbd-b748-90842c8654d1,44,24030,51249,666,78032
b8c46231-e8e9-4e1f-bc23-e67e89647db6,42,24031,56689,1109,86287
7c7446b2-64cf-43e6-9d1c-fceef8b3954a,43,24031,57699,1203,88831
d61053c1-0205-4ac7-b5e2-4e89d6ac5159,44,24031,56198,1322,92281
7a708fea-1ddd-41b5-9783-d5ec5955ec65,42,24032,48103,899,73099
dd587d0e-c35c-40c5-b53b-c244ddbbe4dd,43,24032,49367,999,72713
16e2f2ea-1a2e-42ce-9ae4-c0f226e0415a,44,24032,45474,1188,73830
537d5a3e-de9a-477b-bc0b-dfcc24583fc4,42,24033,55226,912,84769
59684281-2169-4ce0-8f6f-3451fca6a72a,43,24033,55534,1141,85589
13c870ab-424d-4a15-b8f9-b10fd7b726ca,44,24033,51080,1239,83970
23c7db05-a1b7-4188-ad0c-b72ac24e16a3,42,24034,57572,996,82472
913150b8-bfb9-446e-acb4-d0a7a1b551a7,43,24034,61553,886,86779
5beb140f-9ee5-442f-8d53-fc21ce3df1ae,44,24034,59140,924,88593
94765778-eed4-4e59-801e-bcfaf6d0429c,42,24035,55279,925,85445
f488dbdf-7acf-40eb-a4ad-fd9b06a05579,43,24035,54227,1155,84456
c5094a7f-f040-4b44-828b-be0a23d7154f,44,24035,50197,1215,84695
ed862d60-b652-4155-9d7e-2f9643314540,42,24036,62312,321,85870
084f855c-0452-425c-abf5-53e961a10b01,43,24036,59525,445,83788
92476757-a63e-406c-84d6-2c6b1cfe3807,44,24036,57725,524,83616
1a19cb62-9b12-4513-9d1a-dcf9799212d9,42,24037,53763,823,84192
61f448c0-7deb-4a96-bd42-08f05aa12a55,43,24037,52391,864,82321
fba47fe1-775e-4c95-8165-955e6b8c35de,44,24037,47360,1036,79625
d71d93a4-4c86-4b95-9bdd-b06838faf4f2,42,24038,63173,1030,96848
ef88d610-c278-45b8-99e2-cb6df28ef149,43,24038,65406,1018,100315
986781be-ba29-4251-8e19-b3b4a5498d87,44,24038,64123,1293,105384
c1fa0a65-740d-437f-a387-e3fa48b70da7,42,24039,54681,594,85056
9690a23e-f4a2-4128-b590-3dad5ab8e57f,43,24039,53409,551,82524
357c59f1-8d24-47fa-a10f-c7083479ab84,44,24039,44676,551,79607
0a51f76e-85e5-4783-bd8f-3e0154f2be82,42,24040,54205,683,82438
d31603c6-f10f-4e17-9e03-546f80031628,43,24040,53961,840,83233
c3605ebe-664d-4e4e-919f-3a180bd79fd2,44,24040,50597,819,83045
73383160-6fc6-4cc3-864e-7a0325005d3e,42,24042,62588,975,87339
7eb22195-c3ee-4744-b74e-c9f1ed37f509,43,24042,63489,1241,89405
08fef01b-c3f2-4004-87a2-4c4ee3e70db1,44,24042,63407,1006,91618
4c9238ef-b7ec-4ea7-89c9-4a9234b8f2a8,42,24041,51707,925,83844
667cf044-54d7-444b-8ff9-29de02e94d64,43,24041,51544,167,83717
77397f77-538e-40b2-8d4a-f6dbf8cd0b83,44,24041,47970,1150,82057
402a9657-9546-4641-a270-b9767a4eaff2,42,24043,58199,939,85972
0f39f37f-ac93-43f1-80bc-e28e3115f28e,43,24043,59844,1086,87113
e27eb81d-4c3e-49d1-8cfa-e930ca28424b,44,24043,57235,1144,86352
ea8fc737-62f9-4540-9b3b-7f1c0c6c9916,42,24044,61744,627,81376
35d42d50-e662-4dae-97fb-e1cddd2cb1f2,43,24044,62060,873,82131
e46a99ec-7d9f-4a32-ac32-62d9509a4602,44,24044,59800,861,81632
28d611b8-6f69-4660-a107-f820f97793f7,42,24045,64683,852,92372
9659731f-eb4a-4a69-8960-bfc904083e75,43,24045,65561,1389,94734
41483254-3c63-4b0e-9717-6f370c014923,44,24045,64098,1232,96352
5cf9ad87-3947-4cd5-a196-1f54c641e0f9,42,24046,42030,645,75229
6534b5d2-06c1-4d75-a1c6-d689c9fe06a4,43,24046,40390,712,72256
4f21ac43-c060-4aa8-af79-b7710b0d8f15,44,24046,35000,904,71535
06fb9a7d-d7bd-46b1-915d-450909706b82,42,24065,54525,769,76396
b2c5a8f7-c3d7-4f52-9108-2dcf2f5062af,43,24065,55817,924,78371
7089305e-f8eb-4fa7-9ab4-62ae92dc8701,44,24065,52127,946,78910
e6b6ca09-8e9d-4a49-af7f-cf9eff7d8b93,42,24047,47287,941,71653
36f4a473-0da1-4bca-ab1c-2bc021f64023,43,24047,47508,898,70683
a2ec87c2-5456-4467-b15e-1341ac47f0b0,44,24047,46428,758,72098
39f97bb5-969d-46d7-9b99-ded25d7a3019,42,24048,59418,1178,87938
bdb2a93b-acc1-4621-96ed-87a18be919b0,43,24048,65030,1286,96468
f007fd5b-4e16-48fc-a77d-177e3703cf9e,44,24048,63112,1402,101340
ac6335aa-80a2-419b-94de-6ec7ff15903a,42,24049,57917,881,75693
514544c6-1a2b-4800-b77e-7fceea295e12,43,24049,59228,742,77097
f759e899-9044-4880-8c09-a965355f55c0,44,24049,57472,1033,78273
9b15aaee-d30d-4504-8d7c-2ea41144505a,42,24050,53009,1226,83808
653ef403-9632-4a67-a860-be145ea79e75,43,24050,54806,1311,88525
1c05ff16-2c5e-457a-b5a2-fe3b56328791,44,24050,51452,1337,92547
cb600224-a761-4518-a641-9b68586c5f89,42,24051,49243,777,78672
b8f7bc07-9398-4eef-a782-95e7b02d1b1e,43,24051,50388,976,78232
6d67c1cb-aa8c-4ed5-9f0e-f1964df2dd24,44,24051,47812,956,78533
82732ff7-abcb-4bb1-a4f7-f9db28910309,43,24052,43679,583,73163
3b057d67-f249-4529-b35a-bc02990cc2cf,42,24052,48051,425,74416
9e9d4e18-326b-433e-bf8d-c97189b14881,44,24052,40362,440,71153
d6ec8501-f88c-4fed-b097-52c8f8e0dc77,42,24053,51593,311,79832
77b9b08d-6c16-46e8-8ac8-e424090f6eaa,43,24053,50321,446,76499
c4ebe310-7330-4679-8d6a-d2f39f2f7220,44,24053,45591,446,73474
c1801970-37db-4479-a0dd-5627f840492c,42,24054,43619,426,71136
37b0e161-0efc-4a39-a6af-517a3c2b72d3,43,24054,41457,455,67384
b6ed13d5-aa8e-4df4-af00-3b45ef6aa64d,44,24054,36820,456,65143
